Domain,Status,Attractiveness,Demand,Length,Sectors,Created,Expires,Registrar
wizard.run,resell,118,42%,6,"Entertainment,Media,Technology",21/09/2024 17:07,21/09/2025 17:07,"Sav.com, LLC"
tenth.run,available,116,7%,5,Mathematics,,,
hotshot.run,available,112,14%,7,"Business,Entertainment,Sports",,,
acute.run,available,112,9%,5,"Mathematics,Medicine,Science",,,
abiding.run,available,106,5%,7,"General,Religion",,,
expert.run,resell,104,26%,6,"Business,Education,Technology",30/09/2019 12:46,30/09/2025 12:46,"Xiamen ChinaSource Internet Service Co., Ltd"
active.run,resell,104,27%,6,"Health and Fitness,Sports,Travel",20/12/2021 13:15,20/12/2025 13:15,"Xiamen ChinaSource Internet Service Co., Ltd"
teen.run,expiring,104,14%,4,"Education,Entertainment,Healthcare",24/08/2024 17:07,24/08/2025 17:07,"Sav.com, LLC"
absent.run,available,102,8%,6,"Business,Education,Technology",,,
extra.run,expiring,102,26%,5,"Fashion,Retail,Technology",24/08/2024 17:07,24/08/2025 17:07,"Sav.com, LLC"
captive.run,available,102,14%,7,"Entertainment,Hospitality,Technology",,,
abrupt.run,available,100,3%,6,"Medicine,Science",,,
adjunct.run,available,100,5%,7,Education,,,
sixth.run,resell,100,8%,5,Mathematics,07/05/2021 11:15,07/05/2026 11:15,Tucows Domains Inc.
eighth.run,available,100,6%,6,Mathematics,,,
ninth.run,available,100,9%,5,Mathematics,,,
whizz.run,available,98,11%,5,"Business,Education,Technology",,,
alamode.run,available,96,12%,9,Fashion,,,
doable.run,available,96,9%,6,"Business,Education,Technology",,,
academic.run,available,96,20%,8,"Education,Humanities,Science",,,
forgiving.run,available,96,3%,9,"Healthcare,Religion",,,
abject.run,available,94,7%,6,Humanities,,,
virtuoso.run,available,94,16%,8,"Arts,Entertainment",,,
about.run,resell,94,28%,5,"Business,General,Media,Technology",24/10/2022 13:15,24/10/2025 13:15,"Chengdu West Dimension Digital Technology Co., Ltd."
adequate.run,available,94,9%,8,"Education,Healthcare,Technology",,,
exemplary.run,available,92,5%,9,"Business,Education,Healthcare",,,
nought.run,available,92,4%,6,Mathematics,,,
abroad.run,available,92,12%,6,"Hospitality,Travel",,,
adjective.run,available,92,5%,9,Education,,,
adept.run,available,92,24%,5,"Education,Health and Fitness,Sports",,,
derelict.run,available,92,7%,8,"Construction,Real Estate",,,
twentieth.run,available,92,3%,9,Mathematics,,,
next.run,available,92,43%,4,"Retail,Technology,Transportation",,,
riveting.run,available,90,6%,8,"Entertainment,Media,Technology",,,
gripping.run,available,90,3%,8,"Entertainment,Media,Technology",,,
addictive.run,available,90,9%,9,Healthcare,,,
endearing.run,available,90,1%,9,"Entertainment,Fashion,Retail",,,
clear.run,resell,90,47%,5,"Manufacturing,Retail,Technology",03/10/2022 13:15,03/10/2025 13:15,"Xiamen ChinaSource Internet Service Co., Ltd"
adoring.run,available,90,2%,7,"Entertainment,Fashion,Retail",,,
leash.run,available,90,7%,5,"General,Health and Fitness,Retail",,,
additional.run,available,90,8%,10,"Fashion,Retail,Technology",,,
abortive.run,available,90,1%,8,"Medicine,Science",,,
actionable.run,expiring,88,13%,10,"Business,Law",27/08/2022 16:01,27/08/2025 16:01,"GoDaddy.com, LLC"
proficient.run,available,88,8%,10,"Education,Health and Fitness,Sports",,,
sixteen.run,available,88,11%,7,Mathematics,,,
hundred.run,available,88,14%,7,Mathematics,,,
twelve.run,available,88,18%,6,"General,Mathematics",,,
fifteen.run,available,88,13%,7,Mathematics,,,
wide.run,resell,88,18%,4,"Business,Media,Technology",06/02/2025 17:09,06/02/2026 17:09,"Sav.com, LLC"
adlib.run,available,88,7%,6,Entertainment,,,
three.run,expired,88,24%,5,Mathematics,30/05/2024 17:00,30/05/2025 17:00,"Sav.com, LLC - 26"
intent.run,resell,86,25%,6,"Business,Education,Technology",20/01/2025 17:09,20/01/2026 17:09,"Sav.com, LLC"
recondite.run,available,86,4%,9,"Arts,Humanities,Science",,,
extempore.run,available,86,3%,9,Entertainment,,,
xiv.run,available,86,12%,3,Mathematics,,,
engrossing.run,available,86,0%,10,"Entertainment,Media,Technology",,,
adolescent.run,available,86,3%,10,"Education,Entertainment,Healthcare",,,
xix.run,available,86,11%,3,Mathematics,,,
attendant.run,available,86,5%,9,"Healthcare,Hospitality,Transportation",,,
aboriginal.run,available,86,10%,10,Humanities,,,
cipher.run,resell,86,29%,6,Mathematics,29/12/2024 17:05,29/12/2025 17:05,"Sav.com, LLC"
star.run,expiring,86,40%,4,"Entertainment,Media,Sports",20/08/2015 18:45,20/08/2025 18:45,united-domains GmbH
adjustable.run,available,84,3%,10,"Manufacturing,Retail,Technology",,,
seventeen.run,available,84,7%,9,Mathematics,,,
accessory.run,available,84,8%,9,"Fashion,Retail,Technology",,,
twentyone.run,available,84,13%,10,Mathematics,,,
grand.run,resell,84,25%,5,"Finance,General",06/03/2025 17:00,06/03/2026 17:00,Dynadot Inc
nineteen.run,available,84,8%,8,Mathematics,,,
acting.run,available,84,12%,6,Entertainment,,,
twentytwo.run,available,84,11%,10,Mathematics,,,
thirteen.run,available,84,10%,8,Mathematics,,,
deviate.run,available,84,12%,7,"Medicine,Science",,,
fourteen.run,available,84,8%,8,Mathematics,,,
absorbent.run,available,82,3%,9,"Healthcare,Manufacturing,Retail",,,
enduring.run,available,82,9%,8,"Health and Fitness,Religion",,,
impromptu.run,available,82,16%,9,Entertainment,,,
altered.run,available,82,9%,7,"Medicine,Science",,,
abkhaz.run,available,82,1%,6,Geography,,,
dozen.run,available,82,10%,5,Mathematics,,,
abdominal.run,available,82,1%,9,"Health and Fitness,Medicine",,,
abenaki.run,available,82,2%,7,Geography,,,
decade.run,available,82,10%,6,Mathematics,,,
cleansing.run,available,82,3%,9,Health and Fitness,,,
fivesome.run,available,82,1%,8,Sports,,,
abroach.run,available,82,1%,7,Food and Beverage,,,
yard.run,resell,80,26%,4,"Construction,General",23/09/2024 17:00,23/09/2025 17:00,"Sav.com, LLC - 1"
trio.run,available,80,21%,4,Entertainment,,,
forty.run,available,80,9%,5,Mathematics,,,
worshipful.run,available,80,1%,10,"Education,Healthcare,Religion",,,
absorbable.run,available,80,0%,10,"Healthcare,Pharmaceuticals,Science",,,
seventh.run,available,80,10%,7,Mathematics,,,
absurd.run,expired,80,16%,6,"Arts,Entertainment,Media",07/06/2024 14:34,07/06/2025 14:34,"GoDaddy.com, LLC"
first.run,expiring,80,36%,5,"General,Mathematics",19/08/2015 16:00,19/08/2025 16:00,"Go France Domains, LLC"
capable.run,available,80,12%,7,"Business,Education,Technology",,,
dorsal.run,available,80,6%,6,"Medicine,Science",,,
adoptable.run,available,80,3%,9,"Education,Healthcare",,,
two.run,resell,80,24%,3,Mathematics,13/02/2023 00:17,13/02/2026 00:17,"NameCheap, Inc."
abundant.run,available,80,19%,8,"Agriculture,Manufacturing,Retail",,,
accessible.run,available,78,21%,10,"Healthcare,Retail,Technology",,,
abkhasian.run,available,78,1%,9,Geography,,,
adorable.run,available,78,8%,8,"Entertainment,Fashion,Retail",,,
twentysix.run,available,78,8%,10,Mathematics,,,
accidental.run,available,78,11%,10,"Healthcare,Insurance,Transportation",,,
abkhazian.run,available,78,1%,9,Geography,,,
recognized.run,available,78,3%,10,"Business,Education,Technology",,,
honestly.run,available,78,9%,8,"Business,Law",,,
absorptive.run,available,78,1%,10,"Healthcare,Manufacturing,Retail",,,
accepted.run,available,78,6%,8,"Business,Education,Technology",,,
recognised.run,available,78,3%,10,"Business,Education,Technology",,,
accurate.run,available,78,16%,8,"Engineering,Mathematics,Science",,,
adrenal.run,available,78,4%,7,"Education,Healthcare,Science",,,
acceptant.run,available,78,1%,9,"Education,Healthcare",,,
sixtynine.run,available,78,8%,10,Mathematics,,,
adjacent.run,available,78,9%,8,"Construction,Real Estate,Retail",,,
acceptable.run,available,78,5%,10,"Business,Hospitality,Retail",,,
athletic.run,resell,78,15%,8,"Health and Fitness,Sports",01/08/2024 20:37,01/08/2026 20:37,"NameCheap, Inc."
dormant.run,available,78,4%,7,"Medicine,Science",,,
abounding.run,available,78,2%,9,Agriculture,,,
hundredth.run,available,76,1%,9,Mathematics,,,
abrasive.run,available,76,6%,8,"Construction,Manufacturing",,,
adaptable.run,available,76,9%,9,"Business,Education,Technology",,,
ancillary.run,available,76,6%,9,"Healthcare,Manufacturing,Technology",,,
incidental.run,available,76,4%,10,"Healthcare,Insurance,Transportation",,,
fifteenth.run,available,76,2%,9,Mathematics,,,
thousandth.run,available,76,1%,10,Mathematics,,,
diamond.run,resell,76,32%,7,Fashion,13/05/2020 10:14,13/05/2026 10:14,"DNSPod, Inc."
threed.run,available,76,7%,7,Technology,,,
ventral.run,available,76,3%,7,Science,,,
energizing.run,available,76,3%,10,"Food and Beverage,Health and Fitness,Travel",,,
firstrate.run,available,76,6%,10,Business,,,
ague.run,available,76,2%,4,"Geography,Medicine,Science",,,
resultant.run,available,76,2%,9,"Healthcare,Insurance,Transportation",,,
adipose.run,available,76,2%,7,"Healthcare,Science",,,
adherent.run,available,76,4%,8,"Politics,Religion",,,
improvise.run,available,76,4%,9,Entertainment,,,
adhesive.run,available,76,7%,8,"Construction,Manufacturing,Technology",,,
fourteenth.run,available,76,1%,10,Mathematics,,,
acoustic.run,available,76,14%,8,Science,,,
addable.run,available,76,2%,7,"Engineering,Mathematics,Science",,,
obscene.run,available,76,5%,7,"Entertainment,Media",,,
thirteenth.run,available,76,4%,10,Mathematics,,,
auxiliary.run,available,76,7%,9,"Healthcare,Manufacturing,Technology",,,
eighteen.run,available,76,7%,8,Mathematics,,,
nineteenth.run,available,76,3%,10,Mathematics,,,
manageable.run,available,74,4%,10,"Business,Education,Technology",,,
adamant.run,available,74,14%,7,Religion,,,
playing.run,available,74,12%,7,Entertainment,,,
sensation.run,available,74,7%,9,"Entertainment,Media,Sports",,,
acuate.run,available,74,2%,6,"Engineering,Medicine,Science",,,
adenoid.run,available,74,1%,7,"Health and Fitness,Medicine,Science",,,
achievable.run,available,74,4%,10,"Business,Education,Technology",,,
adrenergic.run,available,74,1%,10,"Education,Healthcare,Science",,,
realizable.run,available,74,1%,10,"Business,Education,Technology",,,
broad.run,resell,74,13%,5,"Entertainment,General,Media",31/03/2021 12:07,31/03/2026 12:07,Xin Net Technology Corporation
mavin.run,available,74,7%,5,"Entertainment,Fashion,Technology",,,
admirable.run,available,74,5%,9,"Business,Education,Healthcare",,,
skilful.run,available,74,3%,7,"Education,Health and Fitness,Sports",,,
adapted.run,available,74,6%,7,"Healthcare,Manufacturing,Technology",,,
aberrant.run,available,74,6%,8,"Medicine,Science",,,
single.run,resell,74,19%,6,Sports,01/05/2025 15:15,01/05/2026 15:15,"Sav.com, LLC - 32"
accepting.run,available,74,3%,9,"Education,Healthcare",,,
cleared.run,available,74,7%,7,"Healthcare,Law,Transportation",,,
sixtieth.run,available,72,1%,8,Mathematics,,,
trinity.run,available,72,18%,7,Religion,,,
abloom.run,available,72,5%,6,Agriculture,,,
eightieth.run,available,72,1%,9,Mathematics,,,
seventieth.run,available,72,1%,10,Mathematics,,,
adjunctive.run,available,72,1%,10,"Healthcare,Manufacturing,Technology",,,
adjectival.run,available,72,1%,10,Education,,,
ternary.run,available,72,7%,7,Mathematics,,,
improvize.run,available,72,1%,9,Entertainment,,,
ablaze.run,available,72,6%,6,Entertainment,,,
accusative.run,available,72,0%,10,"Humanities,Law",,,
aching.run,available,72,4%,6,Healthcare,,,
ninetieth.run,available,72,1%,9,Mathematics,,,
adaptative.run,available,72,1%,10,"Business,Education,Technology",,,
absorbed.run,available,72,2%,8,"Entertainment,Media,Technology",,,
abreast.run,available,72,2%,7,"Business,Technology",,,
adonic.run,available,72,2%,6,"Arts,Education,Entertainment",,,
absolutist.run,available,72,1%,10,"Humanities,Law,Politics",,,
trey.run,available,72,14%,4,Sports,,,
lovely.run,resell,72,26%,6,"Entertainment,Fashion,Retail",01/05/2023 18:35,01/05/2026 18:35,"GoDaddy.com, LLC"
existent.run,available,72,3%,8,"Mathematics,Science",,,
adiabatic.run,available,72,3%,9,"Engineering,Science",,,
champion.run,resell,72,28%,8,"Entertainment,Health and Fitness,Sports",23/10/2019 10:13,23/10/2025 10:13,"Chengdu West Dimension Digital Technology Co., Ltd."
accustomed.run,available,72,1%,10,"Business,Education,Humanities",,,
engrossed.run,available,72,1%,9,"Entertainment,Media,Technology",,,
consequent.run,available,70,3%,10,"Business,Education,General,Technology",,,
absorbing.run,available,70,3%,9,"Entertainment,Media,Technology",,,
accumbent.run,available,70,1%,9,"Healthcare,Medicine,Science",,,
recumbent.run,available,70,2%,9,"Healthcare,Medicine,Science",,,
adamantine.run,available,70,4%,10,Religion,,,
acuminate.run,available,70,1%,9,"Engineering,Medicine,Science",,,
miserable.run,available,70,4%,9,Humanities,,,
practiced.run,available,70,3%,9,"Education,Health and Fitness,Sports",,,
offhand.run,available,70,2%,7,Entertainment,,,
stillborn.run,available,70,2%,9,"Medicine,Science",,,
adjusted.run,available,70,5%,8,"Manufacturing,Retail,Technology",,,
adored.run,available,70,6%,6,"Entertainment,Fashion,Retail",,,
admired.run,available,70,5%,7,"Business,Education,Healthcare",,,
abradant.run,available,70,1%,8,"Construction,Manufacturing",,,
gymnastic.run,available,70,3%,9,"Entertainment,Sports",,,
lowdown.run,available,70,6%,8,"Entertainment,Media",,,
abulic.run,available,70,1%,6,Medicine,,,
skillful.run,available,70,9%,8,"Education,Health and Fitness,Sports",,,
licenced.run,available,68,2%,8,"Business,Healthcare,Insurance",,,
accredited.run,available,68,9%,10,"Business,Education,Healthcare",,,
vindicated.run,available,68,2%,10,"Humanities,Law,Politics",,,
abducent.run,available,68,0%,8,Medicine,,,
ennead.run,available,68,5%,6,Mathematics,,,
thirtieth.run,available,68,1%,9,Mathematics,,,
aroused.run,available,68,3%,7,"Entertainment,Health and Fitness",,,
septenary.run,available,68,1%,9,Mathematics,,,
octonary.run,available,68,1%,8,Mathematics,,,
aberdonian.run,available,68,1%,10,Geography,,,
acerate.run,available,68,1%,7,Science,,,
fiftieth.run,available,68,0%,8,Mathematics,,,
scurvy.run,available,68,3%,6,Humanities,,,
ablative.run,available,68,3%,8,Science,,,
fortieth.run,available,68,0%,8,Mathematics,,,
aculeate.run,available,68,1%,8,"Engineering,Medicine,Science",,,
foursome.run,available,68,4%,8,Sports,,,
sevener.run,available,68,1%,7,Mathematics,,,
stygian.run,available,68,5%,7,Humanities,,,
abnaki.run,available,68,1%,6,Geography,,,
abkhas.run,available,68,0%,6,Geography,,,
decorated.run,available,68,3%,9,"Entertainment,Fashion,Retail",,,
threesome.run,available,68,5%,9,Entertainment,,,
achaean.run,available,68,2%,7,Humanities,,,
achaian.run,available,68,2%,7,Humanities,,,
ane.run,available,68,12%,3,Mathematics,,,
activating.run,available,68,3%,10,"Healthcare,Manufacturing,Technology",,,
licensed.run,available,68,5%,8,"Business,Healthcare,Insurance",,,
disciple.run,available,68,14%,8,"Education,Religion",,,
xvii.run,available,66,5%,4,Mathematics,,,
performing.run,available,66,6%,10,Entertainment,,,
acrobatic.run,available,66,4%,9,"Entertainment,Sports",,,
eighty.run,available,66,6%,6,Mathematics,,,
tenner.run,available,66,5%,6,Finance,,,
acappella.run,available,66,6%,10,Entertainment,,,
century.run,resell,66,17%,7,Education,07/03/2025 17:00,07/03/2026 17:00,Dynadot Inc
xxi.run,available,66,10%,3,Mathematics,,,
abstinent.run,available,66,1%,9,"Health and Fitness,Religion",,,
according.run,available,66,3%,9,"Business,Education,Technology",,,
fifty.run,expired,66,12%,5,Mathematics,04/07/2024 06:52,04/07/2025 06:52,PDR Ltd. d/b/a PublicDomainRegistry.com
modish.run,available,66,5%,6,Fashion,,,
teenager.run,available,66,4%,8,"Education,Entertainment,Healthcare",,,
accessary.run,available,66,1%,9,"Business,Law,Technology",,,
onec.run,available,66,6%,5,Mathematics,,,
xviii.run,available,66,5%,5,Mathematics,,,
xxv.run,available,66,6%,3,Mathematics,,,
four.run,resell,66,27%,4,Mathematics,31/07/2025 17:00,31/07/2026 17:00,Dynadot Inc
deuce.run,available,66,9%,5,Sports,,,
adopted.run,available,66,4%,7,"Education,Healthcare",,,
clv.run,available,66,10%,3,Mathematics,,,
xxii.run,available,66,6%,4,Mathematics,,,
adorned.run,available,66,5%,7,"Entertainment,Fashion,Retail",,,
xxvi.run,available,66,3%,4,Mathematics,,,
ninety.run,available,66,11%,6,Mathematics,,,
xii.run,available,66,10%,3,Mathematics,,,
xiii.run,available,66,9%,4,Mathematics,,,
xvi.run,available,66,5%,3,Mathematics,,,
acervate.run,available,66,1%,8,Science,,,
buzzing.run,available,66,7%,7,"Entertainment,Media,Technology",,,
sextet.run,available,66,1%,6,Entertainment,,,
exonerated.run,available,66,2%,10,"Humanities,Law,Politics",,,
astringent.run,available,64,1%,10,"Healthcare,Pharmaceuticals",,,
nondrinker.run,available,64,1%,10,"Health and Fitness,Religion",,,
absolved.run,available,64,1%,8,"Humanities,Law,Religion",,,
rising.run,available,64,18%,6,"Construction,Manufacturing,Real Estate",,,
aflame.run,available,64,3%,6,Entertainment,,,
adagio.run,available,64,14%,6,Entertainment,,,
accordant.run,available,64,3%,9,"Arts,Entertainment",,,
acentric.run,available,64,2%,8,Science,,,
deviant.run,available,64,12%,7,"Medicine,Science",,,
scatty.run,available,64,1%,6,"Arts,Entertainment,Media",,,
eleventh.run,available,62,5%,8,Mathematics,,,
ensuant.run,available,62,1%,7,"Healthcare,Insurance,Transportation",,,
adoptive.run,available,62,1%,8,"Education,Healthcare",,,
accusing.run,available,62,1%,8,Law,,,
accrued.run,available,62,2%,7,"Banking,Finance,Insurance",,,
roughly.run,available,62,3%,7,"Business,Media,Technology",,,
admissible.run,available,62,1%,10,"Education,Healthcare,Law",,,
exculpated.run,available,62,1%,10,"Humanities,Law,Politics",,,
sixteenth.run,available,62,1%,9,Mathematics,,,
fortyfour.run,available,62,6%,10,Mathematics,,,
activation.run,available,62,16%,10,"Healthcare,Manufacturing,Technology",,,
pungent.run,available,62,1%,7,Food and Beverage,,,
aufait.run,available,62,3%,7,"Fashion,Media",,,
orso.run,available,62,9%,5,"Business,Media,Technology",,,
longdozen.run,available,62,2%,10,Mathematics,,,
troika.run,available,62,8%,6,Politics,,,
cumulative.run,available,62,2%,10,"Banking,Finance,Insurance",,,
quartet.run,available,62,7%,7,"Arts,Entertainment",,,
adjuvant.run,available,62,5%,8,"Healthcare,Manufacturing,Technology",,,
aborigine.run,available,62,1%,9,Humanities,,,
abo.run,available,62,15%,3,Science,,,
chiliad.run,available,62,2%,7,Mathematics,,,
acidic.run,available,62,5%,6,"Food and Beverage,Science",,,
twodozen.run,available,62,1%,9,Mathematics,,,
nail.run,available,62,16%,4,"Construction,Fashion,General,Retail",,,
activistic.run,available,62,1%,10,"Humanities,Politics",,,
eighteenth.run,available,62,1%,10,Mathematics,,,
playacting.run,available,62,1%,10,Entertainment,,,
cxxxv.run,available,60,2%,5,Mathematics,,,
cautionary.run,available,60,1%,10,"Business,Education,Healthcare",,,
annexal.run,available,60,1%,7,"Agriculture,Manufacturing,Retail",,,
adnate.run,available,60,1%,6,"Agriculture,Manufacturing,Retail",,,
tertiary.run,available,60,4%,8,Education,,,
cxv.run,available,60,4%,3,Mathematics,,,
clx.run,available,60,10%,3,Mathematics,,,
cxlv.run,available,60,2%,4,Mathematics,,,
xcl.run,available,60,5%,3,Mathematics,,,
clxxv.run,available,60,1%,5,Mathematics,,,
abashed.run,available,60,1%,7,Humanities,,,
idolised.run,available,60,1%,8,"Entertainment,Fashion,Retail",,,
aboveboard.run,available,60,5%,10,"Business,Law",,,
abstainer.run,available,60,0%,9,"Health and Fitness,Religion",,,
clxv.run,available,60,1%,4,Mathematics,,,
eightysix.run,available,60,7%,10,Mathematics,,,
sixty.run,available,60,13%,5,Mathematics,,,
adnexal.run,available,60,1%,7,"Agriculture,Manufacturing,Retail",,,
paunchy.run,available,60,0%,7,"Health and Fitness,Medicine",,,
abstemious.run,available,60,0%,10,"Food and Beverage,Health and Fitness,Hospitality",,,
acceptive.run,available,60,1%,9,"Education,Healthcare",,,
cxl.run,available,60,7%,3,Mathematics,,,
cxxv.run,available,60,1%,4,Mathematics,,,
cxxx.run,available,60,4%,4,Mathematics,,,
thou.run,available,60,7%,4,Mathematics,,,
clxx.run,available,60,3%,4,Mathematics,,,
clxxx.run,available,60,1%,5,Mathematics,,,
idolized.run,available,60,3%,8,"Entertainment,Fashion,Retail",,,
tercet.run,available,59,2%,6,"Arts,Entertainment,Media",,,
sextuplet.run,available,58,1%,9,Healthcare,,,
offhanded.run,available,58,1%,9,Entertainment,,,
abridged.run,available,58,4%,8,Media,,,
quintet.run,available,58,8%,7,"Arts,Entertainment",,,
adient.run,available,58,4%,6,"Medicine,Science",,,
seventy.run,available,58,7%,7,Mathematics,,,
super.run,expiring,58,47%,5,Business,19/08/2015 23:23,19/08/2025 23:23,"GoDaddy.com, LLC"
tetrad.run,available,58,5%,6,Mathematics,,,
linear.run,expired,58,22%,6,"Engineering,Mathematics,Science",22/06/2024 09:30,22/06/2025 09:30,"NameSilo, LLC"
acetic.run,available,58,1%,6,"Food and Beverage,Science",,,
pentad.run,available,58,2%,6,Mathematics,,,
twelfth.run,available,58,2%,7,Mathematics,,,
ache.run,available,58,7%,4,Healthcare,,,
accretive.run,available,58,6%,9,"Banking,Finance,Insurance",,,
lxxx.run,available,58,2%,4,Mathematics,,,
heptad.run,available,58,1%,6,Mathematics,,,
accented.run,available,58,3%,8,"Arts,Entertainment",,,
fourth.run,available,58,13%,6,Mathematics,,,
addressed.run,available,58,3%,9,"Business,Technology,Telecommunications",,,
niner.run,available,58,5%,5,Mathematics,,,
sixer.run,available,58,5%,5,Sports,,,
seven.run,resell,58,36%,5,Mathematics,02/08/2024 17:06,02/08/2026 17:06,"Sav.com, LLC"
aucourant.run,available,58,3%,10,"Fashion,Media",,,
abandoned.run,available,58,10%,9,"Construction,Real Estate",,,
fourscore.run,available,58,4%,9,Mathematics,,,
hexad.run,available,58,4%,5,Mathematics,,,
closeto.run,available,58,3%,8,"Business,Media,Technology",,,
octad.run,available,58,5%,5,Mathematics,,,
sixtyone.run,available,58,3%,9,Mathematics,,,
lxxviii.run,available,58,1%,7,Mathematics,,,
justabout.run,available,58,3%,10,"Business,Media,Technology",,,
centesimal.run,available,58,1%,10,Mathematics,,,
adjustive.run,available,58,1%,9,"Manufacturing,Retail,Technology",,,
abused.run,available,58,5%,6,"Healthcare,Law",,,
abuzz.run,available,58,5%,5,"Entertainment,Media,Technology",,,
acyclic.run,available,58,4%,7,"Engineering,Mathematics,Science",,,
enwrapped.run,available,58,0%,9,"Entertainment,Fashion,Media",,,
addible.run,available,58,2%,7,"Engineering,Mathematics,Science",,,
actuarial.run,available,58,8%,9,"Finance,Insurance,Mathematics",,,
fifth.run,available,58,12%,5,Mathematics,,,
eighter.run,available,58,2%,7,Mathematics,,,
accoutred.run,available,58,1%,9,"Fashion,Manufacturing,Retail",,,
xxxvi.run,available,56,1%,5,Mathematics,,,
abeyant.run,available,56,1%,7,"Business,Law",,,
fortynine.run,available,56,3%,10,Mathematics,,,
xxxii.run,available,56,1%,5,Mathematics,,,
thirtysix.run,available,56,5%,10,Mathematics,,,
halfdozen.run,available,56,1%,10,Mathematics,,,
xxiv.run,available,56,5%,4,Mathematics,,,
appressed.run,available,56,0%,9,"Agriculture,Manufacturing,Retail",,,
xlii.run,available,56,5%,4,Mathematics,,,
fortyone.run,available,56,4%,9,Mathematics,,,
xlviii.run,available,56,1%,6,Mathematics,,,
fortysix.run,available,56,3%,9,Mathematics,,,
xxxiii.run,available,56,2%,6,Mathematics,,,
xxxvii.run,available,56,2%,6,Mathematics,,,
admittible.run,available,56,1%,10,"Education,Healthcare,Hospitality",,,
fiftynine.run,available,56,4%,10,Mathematics,,,
fiftyone.run,available,56,7%,9,Mathematics,,,
maledict.run,available,56,1%,8,Religion,,,
fortytwo.run,available,56,17%,9,Mathematics,,,
accoutered.run,available,56,0%,10,"Fashion,Manufacturing,Retail",,,
lviii.run,available,56,1%,5,Mathematics,,,
xlvii.run,available,56,2%,5,Mathematics,,,
fiftytwo.run,available,56,6%,9,Mathematics,,,
xxix.run,available,56,4%,4,Mathematics,,,
abdominous.run,available,56,0%,10,"Health and Fitness,Medicine",,,
potbellied.run,available,56,0%,10,"Health and Fitness,Medicine",,,
xlvi.run,available,56,3%,4,Mathematics,,,
fiftyfive.run,available,56,7%,10,Mathematics,,,
fiftysix.run,available,56,4%,9,Mathematics,,,
terzetto.run,available,56,3%,8,Arts,,,
xxxviii.run,available,56,1%,7,Mathematics,,,
xlv.run,available,56,6%,3,Mathematics,,,
admittable.run,available,56,1%,10,"Education,Healthcare,Hospitality",,,
thirtytwo.run,available,56,5%,10,Mathematics,,,
addled.run,available,56,2%,6,Entertainment,,,
xliii.run,available,56,1%,5,Mathematics,,,
ilx.run,available,56,5%,3,Mathematics,,,
lvii.run,available,56,1%,4,Mathematics,,,
xxiii.run,available,56,5%,5,Mathematics,,,
xxxiv.run,available,56,1%,5,Mathematics,,,
lii.run,available,56,7%,3,Mathematics,,,
fiftyfour.run,available,56,3%,10,Mathematics,,,
xliv.run,available,56,2%,4,Mathematics,,,
xli.run,available,56,5%,3,Mathematics,,,
lvi.run,available,56,8%,3,Mathematics,,,
thirtyone.run,available,56,5%,10,Mathematics,,,
xxxi.run,available,56,9%,4,Mathematics,,,
liii.run,available,56,4%,4,Mathematics,,,
xxxv.run,available,56,4%,4,Mathematics,,,
xxvii.run,available,56,3%,5,Mathematics,,,
triad.run,available,56,15%,5,Arts,,,
admissive.run,available,56,1%,9,"Education,Healthcare,Hospitality",,,
xxviii.run,available,56,1%,6,Mathematics,,,
abducens.run,available,54,1%,8,Medicine,,,
fortyfive.run,available,54,4%,10,Mathematics,,,
deserted.run,available,54,3%,8,"Hospitality,Real Estate",,,
twoscore.run,available,54,2%,8,Mathematics,,,
admonitory.run,available,54,0%,10,"Business,Education,Healthcare",,,
quadruplet.run,available,54,1%,10,"Healthcare,Medicine,Science",,,
adpressed.run,available,54,0%,9,"Agriculture,Manufacturing,Retail",,,
viii.run,available,54,6%,4,Mathematics,,,
actuated.run,available,54,2%,8,"Automotive,Manufacturing,Technology",,,
abasic.run,available,54,1%,6,Science,,,
adaxial.run,available,54,2%,7,Science,,,
abatic.run,available,54,1%,6,Science,,,
adjuratory.run,available,54,0%,10,"Law,Politics,Religion",,,
monitory.run,available,54,3%,8,"Business,Education,Healthcare",,,
abient.run,available,54,1%,6,Science,,,
accursed.run,available,54,3%,8,"Entertainment,Media,Religion",,,
sise.run,available,54,5%,4,Mathematics,,,
adducting.run,available,54,1%,9,"Engineering,Mathematics,Science",,,
abhorrent.run,available,54,1%,9,Humanities,,,
quatern.run,available,54,2%,7,Mathematics,,,
scratchy.run,available,54,3%,8,Fashion,,,
adductive.run,available,54,0%,9,"Engineering,Mathematics,Science",,,
aboral.run,available,54,2%,6,Science,,,
deuceace.run,available,54,2%,9,Sports,,,
achy.run,available,54,3%,4,Healthcare,,,
abatable.run,available,54,1%,8,Law,,,
topnotch.run,available,54,18%,8,Business,,,
threescore.run,available,54,1%,10,Mathematics,,,
achromatic.run,available,54,4%,10,Science,,,
quaternity.run,available,54,4%,10,Mathematics,,,
quintuplet.run,available,54,1%,10,"Healthcare,Medicine,Science",,,
ternion.run,available,54,3%,7,Mathematics,,,
acoustical.run,available,54,4%,10,Science,,,
quaternion.run,available,54,6%,10,Mathematics,,,
unnatural.run,available,54,4%,9,"Medicine,Science",,,
accentual.run,available,54,3%,9,"Arts,Entertainment",,,
abaxial.run,available,54,1%,7,Science,,,
vii.run,available,54,13%,3,Mathematics,,,
adducent.run,available,54,1%,8,"Engineering,Mathematics,Science",,,
sestet.run,available,53,1%,6,Arts,,,
septet.run,available,53,1%,6,General,,,
lxxiii.run,available,52,1%,6,Mathematics,,,
ixc.run,available,52,5%,3,Mathematics,,,
lxii.run,available,52,1%,4,Mathematics,,,
ninetysix.run,available,52,4%,10,Mathematics,,,
lxviii.run,available,52,1%,6,Mathematics,,,
sixtyfour.run,available,52,3%,10,Mathematics,,,
eightytwo.run,available,52,4%,10,Mathematics,,,
lxi.run,available,52,5%,3,Mathematics,,,
lxxxv.run,available,52,1%,5,Mathematics,,,
lxiii.run,available,52,2%,5,Mathematics,,,
littlejoe.run,available,52,2%,10,"Entertainment,Media",,,
sixtysix.run,available,52,4%,9,Mathematics,,,
decumbent.run,available,52,1%,9,"Healthcare,Medicine,Science",,,
xcii.run,available,52,2%,4,Mathematics,,,
ninetytwo.run,available,52,4%,10,Mathematics,,,
repulsive.run,available,52,1%,9,Humanities,,,
lxvi.run,available,52,3%,4,Mathematics,,,
lxxxiii.run,available,52,1%,7,Mathematics,,,
lxxii.run,available,52,1%,5,Mathematics,,,
lxv.run,available,52,5%,3,Mathematics,,,
xcviii.run,available,52,1%,6,Mathematics,,,
lxvii.run,available,52,1%,5,Mathematics,,,
repugnant.run,available,52,1%,9,Humanities,,,
lxiv.run,available,52,3%,4,Mathematics,,,
ixl.run,available,52,9%,3,Mathematics,,,
eightyone.run,available,52,3%,10,Mathematics,,,
lxxxvii.run,available,52,1%,7,Mathematics,,,
lxxv.run,available,52,1%,4,Mathematics,,,
xciii.run,available,52,1%,5,Mathematics,,,
lxxxii.run,available,52,1%,6,Mathematics,,,
lxxi.run,available,52,1%,4,Mathematics,,,
abominable.run,available,52,2%,10,"Entertainment,Humanities",,,
odious.run,available,52,2%,6,"Entertainment,Humanities",,,
lxxxvi.run,available,52,1%,6,Mathematics,,,
xcvii.run,available,52,1%,5,Mathematics,,,
lxxxiv.run,available,52,1%,6,Mathematics,,,
ninetyone.run,available,52,5%,10,Mathematics,,,
sixtyfive.run,available,52,3%,10,Mathematics,,,
lxxvi.run,available,52,1%,5,Mathematics,,,
tierce.run,available,52,3%,6,General,,,
aboulic.run,available,52,1%,7,Medicine,,,
lxxiv.run,available,52,1%,5,Mathematics,,,
ablated.run,available,52,1%,7,Science,,,
sixtytwo.run,available,52,3%,9,Mathematics,,,
abusive.run,available,52,3%,7,"Healthcare,Law",,,
chagrined.run,available,52,1%,9,Humanities,,,
lxxxi.run,available,52,1%,5,Mathematics,,,
detestable.run,available,52,1%,10,Humanities,,,
abysmal.run,available,52,4%,7,"Arts,Entertainment,Media",,,
xcvi.run,available,52,2%,4,Mathematics,,,
adenoidal.run,available,52,1%,9,"Health and Fitness,Medicine,Science",,,
xciv.run,available,52,2%,4,Mathematics,,,
abstruse.run,available,52,5%,8,"Humanities,Mathematics,Science",,,
lxxvii.run,available,52,2%,6,Mathematics,,,
scummy.run,available,50,1%,6,Humanities,,,
acerb.run,available,50,2%,5,Science,,,
adactylous.run,available,50,0%,10,Science,,,
acerbic.run,available,50,2%,7,"Arts,Humanities,Media",,,
needlelike.run,available,50,0%,10,"Engineering,Medicine,Science",,,
adhominem.run,available,50,2%,10,"Humanities,Law,Politics",,,
acquitted.run,available,50,1%,9,Law,,,
acapnic.run,available,50,0%,7,"Healthcare,Medicine,Science",,,
acaudal.run,available,50,1%,7,"Agriculture,Science",,,
quint.run,available,50,13%,5,"Arts,Entertainment",,,
vinegary.run,available,50,1%,8,Food and Beverage,,,
acerose.run,available,50,1%,7,Science,,,
trine.run,available,50,11%,5,"General,Religion",,,
aculeated.run,available,50,0%,9,"Engineering,Medicine,Science",,,
cinque.run,available,50,7%,6,Mathematics,,,
abbatial.run,available,50,0%,8,Religion,,,
triplet.run,available,50,8%,7,Science,,,
spinous.run,available,50,1%,7,"Agriculture,Science",,,
acetose.run,available,50,1%,7,Science,,,
aborticide.run,available,50,0%,10,Medicine,,,
abducting.run,available,50,0%,9,Medicine,,,
acetous.run,available,50,1%,7,Science,,,
abactinal.run,available,50,0%,9,Science,,,
lxx.run,available,50,5%,3,Mathematics,,,
abranchial.run,available,50,0%,10,Science,,,
abomasal.run,available,50,0%,8,Agriculture,,,
abdicable.run,available,50,0%,9,Law,,,
broached.run,available,50,0%,8,Food and Beverage,,,
gillless.run,available,50,0%,9,Science,,,
acapnotic.run,available,50,0%,9,"Healthcare,Medicine,Science",,,
acellular.run,available,50,1%,9,Science,,,
ogdoad.run,available,50,1%,6,Mathematics,,,
abyssal.run,available,48,12%,7,"Arts,Entertainment,Media",,,
execrable.run,available,48,0%,9,"Entertainment,Humanities",,,
lxxxviii.run,available,48,1%,8,Mathematics,,,
abstracted.run,available,48,5%,10,"Arts,Humanities,Science",,,
apriori.run,available,48,13%,8,Mathematics,,,
notguilty.run,available,48,5%,10,Law,,,
ilxxx.run,available,48,1%,5,Mathematics,,,
ilxx.run,available,48,1%,4,Mathematics,,,
stemless.run,available,46,2%,8,"Agriculture,Science",,,
acanthotic.run,available,46,0%,10,"Agriculture,Science",,,
acetonic.run,available,46,1%,8,Science,,,
stripling.run,available,46,2%,9,"Education,Entertainment,Healthcare",,,
achromic.run,available,46,2%,8,Science,,,
acetylic.run,available,46,1%,8,Science,,,
quaternary.run,available,46,3%,10,Mathematics,,,
acanthous.run,available,46,0%,9,"Agriculture,Science",,,
acarpelous.run,available,46,0%,10,"Agriculture,Science",,,
acanthoid.run,available,46,1%,9,"Agriculture,Science",,,
acaudate.run,available,46,1%,8,"Agriculture,Science",,,
acheronian.run,available,46,1%,10,Humanities,,,
achenial.run,available,46,1%,8,Science,,,
acephalous.run,available,46,1%,10,Science,,,
acetylenic.run,available,46,1%,10,Science,,,
achromous.run,available,46,1%,9,Science,,,
acicular.run,available,46,2%,8,Science,,,
acetabular.run,available,46,1%,10,Science,,,
acapnial.run,available,46,0%,8,"Healthcare,Medicine,Science",,,
vinegarish.run,available,46,1%,10,Food and Beverage,,,
acarpous.run,available,46,0%,8,"Agriculture,Science",,,
cotyloid.run,available,46,1%,8,Science,,,
theabsurd.run,available,46,1%,10,"Arts,Entertainment,Media",,,
acherontic.run,available,44,1%,10,Humanities,,,
cotyloidal.run,available,44,1%,10,Science,,,
accusatory.run,available,44,1%,10,Law,,,
abscessed.run,available,41,0%,9,Healthcare,,,
accusive.run,available,40,1%,8,Law,,,
scurrilous.run,available,40,1%,10,"Entertainment,Media,Politics",,,
accurst.run,available,40,1%,7,Religion,,,